{"DocumentTypeId":"Forms.IRS.W4","FormId":"16798ef0","FormName":"W4","OriginalFileExtension":"pdf","Pages":[{"Page":0,"Size":[0.0,0.0,611.0,791.0],"SkewAngle":0.0,"Evidence":[{"Text":"Employee's","Box":[33.682,195.682,71.4,16.576]},{"Text":"Withholding","Box":[33.682,271.282,74.48,16.576]},{"Text":"Certificate","Box":[33.682,349.962,66.36,16.576]},{"Text":"Form","Box":[52.146,164.6726,18.7925,9.544]},{"Text":"W-4","Box":[52.146,185.5556,14.3407,9.544]},{"Text":"Department","Box":[66.155,36.0,32.9472,7.579]},{"Text":"of","Box":[66.155,70.6819,5.4288,7.579]},{"Text":"the","Box":[66.155,77.8454,8.786,7.579]},{"Text":"Treasury","Box":[66.155,88.3661,24.1488,7.579]},{"Text":"Give","Box":[62.076,247.305,16.888,9.544]},{"Text":"Form","Box":[62.076,266.417,19.992,9.544]},{"Text":"W-4","Box":[62.076,288.633,15.256,9.544]},{"Text":"to","Box":[62.076,306.113,7.704,9.544]},{"Text":"your","Box":[62.076,316.041,16.896,9.544]},{"Text":"employer.","Box":[62.076,335.161,37.76,9.544]},{"Text":"Internal","Box":[73.955,36.0,20.6856,7.579]},{"Text":"Revenue","Box":[73.955,58.4203,24.386,7.579]},{"Text":"Service","Box":[73.955,84.541,20.6793,7.579]}],"Fields":[{"Field":"Forms.IRS.W4.first-name","Box":[94.6937,93.9422,177.3629,12.7761]},{"Field":"Forms.IRS.W4.last-name","Box":[95.4453,273.5597,199.909,12.7761]},{"Field":"Forms.IRS.W4.social-security-number","Box":[94.6937,474.9717,98.4514,12.0246]},{"Field":"Forms.IRS.W4.address","Box":[117.9914,93.1907,378.0234,12.7761]},{"Field":"Forms.IRS.W4.city-town-state-zip","Box":[142.0406,93.9422,379.5264,13.5277]},{"Field":"Forms.IRS.W4.single-married-filing-separately","Box":[157.0713,111.9791,12.7761,9.0185]},{"Field":"Forms.IRS.W4.married-filing-jointly","Box":[169.0959,114.2337,9.0185,7.5154]},{"Field":"Forms.IRS.W4.employers-name-address","Box":[686.9053,93.9422,290.845,31.5646]},{"Field":"Forms.IRS.W4.employment-date","Box":[697.4268,389.2964,77.4084,20.2915]},{"Field":"Forms.IRS.W4.employer-identification-number","Box":[695.1722,468.9594,102.9606,24.8007]},{"Field":"Forms.IRS.W4.signature","Box":[628.2854,105.9668,338.1919,24.0492]}],"Tables":[]},{"Page":1,"Size":[0.0,0.0,611.0,791.0],"SkewAngle":0.0,"Evidence":[{"Text":"General","Box":[54.345,36.0,52.094,16.702]},{"Text":"Instructions","Box":[54.345,91.986,79.576,16.702]},{"Text":"Future","Box":[75.867,36.0,37.128,14.316]},{"Text":"Developments","Box":[75.867,76.464,82.212,14.316]},{"Text":"Purpose","Box":[128.617,36.0,47.784,14.316]},{"Text":"of","Box":[128.617,87.12,11.328,14.316]},{"Text":"Form","Box":[128.617,101.784,29.988,14.316]},{"Text":"Exemption","Box":[231.2695,36.0,46.3002,11.3335]},{"Text":"from","Box":[231.2695,84.8289,20.3666,11.3335]},{"Text":"withholding.","Box":[231.2695,107.7243,53.0315,11.3335]},{"Text":"Your","Box":[399.2695,36.0,21.47,11.3335]},{"Text":"privacy.","Box":[399.2695,60.111,35.3685,11.3335]},{"Text":"When","Box":[520.024,36.0,25.688,11.3335]},{"Text":"to","Box":[520.024,64.329,9.1485,11.3335]},{"Text":"use","Box":[520.024,76.1185,16.188,11.3335]},{"Text":"the","Box":[520.024,94.9475,14.4305,11.3335]},{"Text":"estimator.","Box":[520.024,112.019,45.8945,11.3335]},{"Text":"Self-employment.","Box":[622.0255,36.0,79.8285,11.3335]},{"Text":"Nonresident","Box":[687.528,36.0,55.4135,11.3335]},{"Text":"alien.","Box":[687.528,94.0545,24.0825,11.3335]},{"Text":"Specific","Box":[54.345,316.8,53.634,16.702]},{"Text":"Instructions","Box":[54.345,374.326,79.576,16.702]}],"Fields":[],"Tables":[]},{"Page":2,"Size":[0.0,0.0,611.0,791.0],"SkewAngle":0.0,"Evidence":[{"Text":"2(b)-Multiple","Box":[53.474,190.102,65.7,11.93]},{"Text":"Jobs","Box":[53.474,258.582,23.15,11.93]},{"Text":"Worksheet","Box":[53.474,284.512,51.48,11.93]},{"Text":"Two","Box":[136.251,64.773,18.324,10.737]},{"Text":"jobs.","Box":[136.251,85.662,20.835,10.737]},{"Text":"Three","Box":[193.851,64.8,24.669,10.737]},{"Text":"jobs.","Box":[193.851,92.637,20.835,10.737]},{"Text":"4(b)-Deductions","Box":[449.474,194.902,82.03,11.93]},{"Text":"Worksheet","Box":[449.474,279.712,51.48,11.93]}],"Fields":[],"Tables":[]},{"Page":3,"Size":[0.0,0.0,611.0,791.0],"SkewAngle":0.0,"Evidence":[{"Text":"Married","Box":[47.388,199.111,37.02,11.93]},{"Text":"Filing","Box":[47.388,238.911,25.71,11.93]},{"Text":"Jointly","Box":[47.388,267.401,31.47,11.93]},{"Text":"or","Box":[47.388,301.651,10.0,11.93]},{"Text":"Qualifying","Box":[47.388,314.431,47.75,11.93]},{"Text":"Widow(er)","Box":[47.388,364.961,47.93,11.93]},{"Text":"Lower","Box":[60.6035,242.921,25.3385,10.1405]},{"Text":"Paying","Box":[60.6035,270.6225,27.387,10.1405]},{"Text":"Job","Box":[60.6035,300.3725,15.113,10.1405]},{"Text":"Annual","Box":[60.6035,317.8485,28.016,10.1405]},{"Text":"Taxable","Box":[60.6035,348.2275,31.7815,10.1405]},{"Text":"Wage","Box":[60.6035,382.372,22.9755,10.1405]},{"Text":"&","Box":[60.6035,407.7105,5.8225,10.1405]},{"Text":"Salary","Box":[60.6035,415.896,25.1855,10.1405]},{"Text":"Single","Box":[311.39,223.991,29.43,11.93]},{"Text":"or","Box":[311.39,256.201,10.0,11.93]},{"Text":"Married","Box":[311.39,268.981,37.02,11.93]},{"Text":"Filing","Box":[311.39,308.781,25.71,11.93]},{"Text":"Separately","Box":[311.39,337.271,50.74,11.93]},{"Text":"Head","Box":[539.889,260.356,25.0,11.93]},{"Text":"of","Box":[539.889,288.136,9.44,11.93]},{"Text":"Household","Box":[539.889,300.356,51.29,11.93]}],"Fields":[],"Tables":[]}],"AnchorBasedConfiguration":{"AnchorBasedFieldConfiguration":[]}}